Date,Location,Daily_New_Cases,Transmission_Rate
2022-01-01,Urban,32,0.93
2022-01-02,Urban,29,0.94
2022-01-03,Rural,33,0.94
2022-01-04,Urban,38,1.21
2022-01-05,Suburban,30,0.62
2022-01-06,Urban,30,1.04
2022-01-07,Urban,40,1.33
2022-01-08,Urban,36,1.04
2022-01-09,Urban,30,1.13
2022-01-10,Urban,35,1.35
2022-01-11,Suburban,31,0.71
2022-01-12,Urban,31,0.88
2022-01-13,Urban,35,1.01
2022-01-14,Urban,25,0.65
2022-01-15,Suburban,26,1.03
2022-01-16,Urban,32,1.03
2022-01-17,Urban,30,0.95
2022-01-18,Urban,37,0.83
2022-01-19,Urban,31,1.16
2022-01-20,Urban,29,0.72
2022-01-21,Suburban,44,1.48
2022-01-22,Urban,36,1.26
2022-01-23,Urban,37,1.51
2022-01-24,Urban,30,0.74
2022-01-25,Suburban,35,0.56
2022-01-26,Urban,39,1.34
2022-01-27,Urban,33,1.46
2022-01-28,Urban,41,1.61
2022-01-29,Urban,36,1.24
2022-01-30,Urban,38,1.17
2022-01-31,Urban,37,1.39
2022-02-01,Urban,49,1.44
2022-02-02,Urban,40,1.43
2022-02-03,Urban,35,1.27
2022-02-04,Urban,45,1.71
2022-02-05,Urban,35,1.72
2022-02-06,Suburban,43,1.51
2022-02-07,Rural,32,0.96
2022-02-08,Rural,35,1.16
2022-02-09,Suburban,43,1.08
2022-02-10,Suburban,46,1.39
2022-02-11,Suburban,44,1.38
2022-02-12,Urban,43,1.33
2022-02-13,Suburban,42,1.43
2022-02-14,Urban,36,1.04
2022-02-15,Urban,40,1.56
2022-02-16,Suburban,42,1.4
2022-02-17,Urban,50,1.66
2022-02-18,Urban,46,1.47
2022-02-19,Rural,36,1.23
2022-02-20,Urban,47,1.73
2022-02-21,Urban,43,1.26
2022-02-22,Rural,42,1.27
2022-02-23,Suburban,49,1.57
2022-02-24,Urban,51,1.43
2022-02-25,Urban,51,1.54
2022-02-26,Urban,42,1.3
2022-02-27,Suburban,45,1.67
2022-02-28,Urban,49,1.69
2022-03-01,Urban,52,1.77
2022-03-02,Urban,45,1.67
2022-03-03,Urban,47,1.54
2022-03-04,Rural,42,1.48
2022-03-05,Urban,42,1.38
2022-03-06,Suburban,52,1.79
2022-03-07,Urban,55,1.72
2022-03-08,Suburban,48,1.11
2022-03-09,Rural,53,1.74
2022-03-10,Urban,50,1.95
2022-03-11,Urban,46,1.72
2022-03-12,Urban,51,1.89
2022-03-13,Suburban,57,2.15
2022-03-14,Urban,49,1.65
2022-03-15,Suburban,57,1.94
2022-03-16,Suburban,36,1.08
2022-03-17,Suburban,54,1.74
2022-03-18,Suburban,50,1.79
2022-03-19,Urban,48,1.84
2022-03-20,Urban,50,1.64
2022-03-21,Urban,40,1.24
2022-03-22,Rural,49,1.63
2022-03-23,Suburban,52,1.85
2022-03-24,Suburban,57,1.61
2022-03-25,Urban,48,1.14
2022-03-26,Urban,46,1.42
2022-03-27,Suburban,48,1.36
2022-03-28,Urban,55,1.73
2022-03-29,Urban,52,1.7
2022-03-30,Suburban,48,1.51
2022-03-31,Urban,53,2.06
2022-04-01,Urban,51,1.77
2022-04-02,Urban,55,1.89
2022-04-03,Urban,47,1.69
2022-04-04,Rural,49,1.41
2022-04-05,Urban,48,1.81
2022-04-06,Urban,43,1.42
2022-04-07,Urban,52,1.87
2022-04-08,Suburban,52,1.52
2022-04-09,Urban,50,1.36
2022-04-10,Urban,49,1.8
2022-04-11,Urban,43,1.51
2022-04-12,Urban,48,1.42
2022-04-13,Urban,48,1.43
2022-04-14,Suburban,46,1.76
2022-04-15,Suburban,49,1.4
2022-04-16,Urban,52,2.06
2022-04-17,Urban,59,1.79
2022-04-18,Rural,51,1.83
2022-04-19,Urban,51,1.63
2022-04-20,Suburban,49,1.75
2022-04-21,Urban,40,1.22
2022-04-22,Rural,49,1.6
2022-04-23,Suburban,50,1.67
2022-04-24,Rural,62,1.87
2022-04-25,Suburban,48,1.75
2022-04-26,Urban,51,1.6
2022-04-27,Rural,49,1.59
2022-04-28,Urban,43,1.23
2022-04-29,Urban,54,1.29
2022-04-30,Suburban,52,1.7
2022-05-01,Suburban,52,2.22
2022-05-02,Rural,44,1.62
2022-05-03,Urban,55,1.83
2022-05-04,Suburban,41,1.31
2022-05-05,Suburban,51,1.7
2022-05-06,Urban,58,2.04
2022-05-07,Urban,42,1.16
2022-05-08,Urban,44,1.69
2022-05-09,Urban,47,1.71
2022-05-10,Rural,44,1.61
2022-05-11,Suburban,39,1.39
2022-05-12,Suburban,47,1.57
2022-05-13,Rural,41,1.5
2022-05-14,Urban,48,1.72
2022-05-15,Suburban,41,1.3
2022-05-16,Urban,53,1.65
2022-05-17,Suburban,41,1.39
2022-05-18,Urban,43,1.74
2022-05-19,Rural,49,1.39
2022-05-20,Urban,38,0.97
2022-05-21,Urban,45,1.53
2022-05-22,Suburban,51,1.71
2022-05-23,Urban,36,1.23
2022-05-24,Suburban,44,1.52
2022-05-25,Urban,45,1.46
2022-05-26,Suburban,47,1.86
2022-05-27,Urban,37,0.91
2022-05-28,Urban,36,1.03
2022-05-29,Urban,45,1.48
2022-05-30,Urban,43,1.1
2022-05-31,Urban,129,2.5116426276577735
2022-06-01,Urban,129,2.8816426276577736
2022-06-02,Urban,114,2.3816426276577736
2022-06-03,Urban,126,2.5616426276577737
2022-06-04,Urban,126,2.2616426276577735
2022-06-05,Suburban,111,2.221642627657774
2022-06-06,Urban,147,2.6716426276577736
2022-06-07,Urban,126,2.4516426276577734
2022-06-08,Suburban,99,2.471642627657774
2022-06-09,Urban,126,2.6216426276577733
2022-06-10,Suburban,102,2.0216426276577737
2022-06-11,Urban,126,2.5616426276577737
2022-06-12,Urban,132,2.681642627657774
2022-06-13,Urban,102,2.471642627657774
2022-06-14,Suburban,126,2.8316426276577733
2022-06-15,Suburban,39,1.1
2022-06-16,Urban,41,1.2
2022-06-17,Urban,46,1.28
2022-06-18,Rural,35,1.12
2022-06-19,Urban,32,1.16
2022-06-20,Urban,31,1.23
2022-06-21,Rural,31,1.02
2022-06-22,Suburban,34,1.07
2022-06-23,Urban,36,1.23
2022-06-24,Suburban,36,1.03
2022-06-25,Suburban,38,1.68
2022-06-26,Urban,34,0.81
2022-06-27,Urban,40,1.37
2022-06-28,Urban,32,1.47
2022-06-29,Rural,46,1.53
2022-06-30,Suburban,35,1.13
2022-07-01,Urban,28,0.86
2022-07-02,Suburban,26,0.83
2022-07-03,Urban,34,1.41
2022-07-04,Urban,30,0.56
2022-07-05,Urban,34,1.44
2022-07-06,Urban,33,0.82
2022-07-07,Suburban,29,0.91
2022-07-08,Urban,25,0.75
2022-07-09,Suburban,22,0.85
2022-07-10,Urban,27,0.58
2022-07-11,Urban,33,1.19
2022-07-12,Rural,29,1.37
2022-07-13,Urban,22,0.5
2022-07-14,Urban,28,0.97
2022-07-15,Urban,29,0.83
2022-07-16,Suburban,22,0.82
2022-07-17,Urban,27,0.9
2022-07-18,Urban,26,0.74
2022-07-19,Urban,20,0.76
2022-07-20,Urban,27,1.26
2022-07-21,Suburban,28,0.9
2022-07-22,Urban,30,1.14
2022-07-23,Urban,30,0.74
2022-07-24,Urban,17,0.5
2022-07-25,Urban,19,0.73
2022-07-26,Rural,26,1.16
2022-07-27,Urban,26,0.94
2022-07-28,Rural,26,0.8
2022-07-29,Urban,42,1.4
2022-07-30,Urban,25,0.58
2022-07-31,Suburban,28,1.05
2022-08-01,Urban,27,1.08
2022-08-02,Suburban,25,0.74
2022-08-03,Rural,20,0.57
2022-08-04,Urban,25,0.89
2022-08-05,Urban,17,0.5
2022-08-06,Suburban,19,0.62
2022-08-07,Urban,18,1.02
2022-08-08,Urban,20,0.62
2022-08-09,Urban,31,0.96
2022-08-10,Urban,10,0.5
2022-08-11,Suburban,23,0.92
2022-08-12,Urban,11,0.5
2022-08-13,Urban,16,0.5
2022-08-14,Suburban,24,1.06
2022-08-15,Urban,18,0.88
2022-08-16,Urban,13,0.5
2022-08-17,Suburban,14,0.5
2022-08-18,Urban,21,0.9
2022-08-19,Suburban,14,0.5
2022-08-20,Suburban,18,0.76
2022-08-21,Urban,17,0.5
2022-08-22,Urban,13,0.61
2022-08-23,Urban,27,0.66
2022-08-24,Urban,19,0.78
2022-08-25,Suburban,6,0.5
2022-08-26,Suburban,17,0.5
2022-08-27,Urban,12,0.5
2022-08-28,Suburban,20,0.8
2022-08-29,Rural,11,0.5
2022-08-30,Rural,14,0.58
2022-08-31,Urban,17,0.96
2022-09-01,Urban,19,0.5
2022-09-02,Urban,9,0.62
2022-09-03,Rural,13,0.5
2022-09-04,Urban,12,0.5
2022-09-05,Urban,11,0.5
2022-09-06,Urban,23,0.73
2022-09-07,Urban,16,0.72
2022-09-08,Urban,7,0.5
2022-09-09,Rural,18,0.9
2022-09-10,Urban,24,0.51
2022-09-11,Urban,18,0.6
2022-09-12,Urban,6,0.5
2022-09-13,Urban,11,0.5
2022-09-14,Urban,19,0.81
2022-09-15,Urban,9,0.5
2022-09-16,Urban,15,0.5
2022-09-17,Urban,17,0.61
2022-09-18,Urban,8,0.5
2022-09-19,Urban,12,0.5
2022-09-20,Rural,5,0.5
2022-09-21,Rural,7,0.5
2022-09-22,Urban,11,0.5
2022-09-23,Urban,6,0.5
2022-09-24,Rural,20,0.5
2022-09-25,Urban,5,0.5
2022-09-26,Suburban,10,0.5
2022-09-27,Rural,13,0.5
2022-09-28,Urban,19,0.7
2022-09-29,Urban,5,0.5
2022-09-30,Rural,18,0.5
2022-10-01,Urban,12,0.5
2022-10-02,Urban,7,0.5
2022-10-03,Urban,15,0.5
2022-10-04,Urban,13,0.57
2022-10-05,Suburban,9,0.5
2022-10-06,Suburban,13,0.57
2022-10-07,Rural,10,0.5
2022-10-08,Urban,13,0.5
2022-10-09,Urban,16,0.5
2022-10-10,Urban,20,0.91
2022-10-11,Urban,6,0.5
2022-10-12,Urban,23,0.67
2022-10-13,Rural,5,0.5
2022-10-14,Suburban,12,0.56
2022-10-15,Urban,16,0.5
2022-10-16,Suburban,14,0.5
2022-10-17,Urban,10,0.62
2022-10-18,Urban,12,0.75
2022-10-19,Suburban,11,0.56
2022-10-20,Urban,10,0.5
2022-10-21,Rural,18,0.5
2022-10-22,Suburban,15,0.5
2022-10-23,Urban,10,0.5
2022-10-24,Suburban,18,0.68
2022-10-25,Urban,16,0.81
2022-10-26,Urban,18,0.73
2022-10-27,Urban,17,0.5
2022-10-28,Urban,10,0.54
2022-10-29,Suburban,12,0.5
2022-10-30,Urban,19,0.56
2022-10-31,Suburban,18,0.65
2022-11-01,Urban,15,0.9
2022-11-02,Urban,16,1.16
2022-11-03,Suburban,22,0.85
2022-11-04,Urban,13,0.5
2022-11-05,Urban,19,0.74
2022-11-06,Urban,15,0.68
2022-11-07,Urban,15,0.5
2022-11-08,Urban,22,1.09
2022-11-09,Suburban,21,0.75
2022-11-10,Urban,21,0.8
2022-11-11,Urban,24,0.93
2022-11-12,Rural,18,0.68
2022-11-13,Urban,21,0.87
2022-11-14,Suburban,16,0.5
2022-11-15,Urban,20,0.56
2022-11-16,Urban,18,0.5
2022-11-17,Suburban,19,0.72
2022-11-18,Urban,22,0.89
2022-11-19,Suburban,15,0.59
2022-11-20,Urban,30,1.33
2022-11-21,Urban,15,0.5
2022-11-22,Urban,14,0.6
2022-11-23,Urban,26,0.65
2022-11-24,Suburban,25,0.76
2022-11-25,Urban,24,0.94
2022-11-26,Rural,24,0.97
2022-11-27,Rural,21,0.64
2022-11-28,Urban,17,0.55
2022-11-29,Urban,22,0.5
2022-11-30,Suburban,19,0.56
2022-12-01,Rural,28,1.11
2022-12-02,Urban,22,0.85
2022-12-03,Urban,19,0.73
2022-12-04,Urban,22,0.74
2022-12-05,Suburban,26,0.87
2022-12-06,Urban,21,0.57
2022-12-07,Suburban,20,0.81
2022-12-08,Urban,26,0.95
2022-12-09,Urban,26,0.97
2022-12-10,Urban,23,0.66
2022-12-11,Urban,24,0.5
2022-12-12,Urban,27,1.12
2022-12-13,Urban,19,0.54
2022-12-14,Urban,20,0.5
2022-12-15,Urban,24,0.94
2022-12-16,Urban,26,0.79
2022-12-17,Rural,29,1.18
2022-12-18,Urban,36,1.32
2022-12-19,Urban,33,1.24
2022-12-20,Urban,28,0.66
2022-12-21,Rural,29,1.21
2022-12-22,Urban,25,0.89
2022-12-23,Suburban,30,0.93
2022-12-24,Suburban,29,1.0
2022-12-25,Suburban,32,0.71
2022-12-26,Urban,27,0.98
2022-12-27,Suburban,34,0.93
2022-12-28,Urban,39,1.03
2022-12-29,Urban,32,0.76
2022-12-30,Suburban,34,1.36
2022-12-31,Urban,36,1.07
2023-01-01,Suburban,31,1.34
2023-01-02,Urban,35,1.06
2023-01-03,Suburban,34,0.79
2023-01-04,Urban,35,0.94
2023-01-05,Urban,31,1.28
2023-01-06,Urban,35,1.14
2023-01-07,Rural,38,1.16
2023-01-08,Urban,43,1.47
2023-01-09,Urban,41,1.47
2023-01-10,Urban,47,1.79
2023-01-11,Suburban,33,1.39
2023-01-12,Urban,41,1.29
2023-01-13,Urban,38,1.0
2023-01-14,Urban,49,1.55
2023-01-15,Urban,34,1.19
2023-01-16,Urban,34,0.94
2023-01-17,Urban,36,1.01
2023-01-18,Suburban,28,1.0
2023-01-19,Urban,37,1.22
2023-01-20,Urban,36,1.21
2023-01-21,Urban,41,1.21
2023-01-22,Rural,42,1.35
2023-01-23,Rural,50,1.48
2023-01-24,Suburban,46,1.71
2023-01-25,Urban,39,1.51
2023-01-26,Urban,37,0.86
2023-01-27,Urban,45,1.31
2023-01-28,Urban,36,0.9
2023-01-29,Urban,52,1.6
2023-01-30,Suburban,49,1.62
2023-01-31,Suburban,41,1.08
2023-02-01,Suburban,35,0.98
2023-02-02,Urban,51,1.5
2023-02-03,Suburban,44,1.51
2023-02-04,Urban,51,1.71
2023-02-05,Urban,111,3.298412433221472
2023-02-06,Suburban,126,3.648412433221472
2023-02-07,Urban,135,3.5984124332214718
2023-02-08,Urban,138,3.688412433221472
2023-02-09,Urban,132,4.008412433221472
2023-02-10,Suburban,147,4.108412433221472
2023-02-11,Suburban,123,3.3184124332214724
2023-02-12,Urban,138,3.9084124332214722
2023-02-13,Suburban,144,3.968412433221472
2023-02-14,Urban,150,3.648412433221472
2023-02-15,Urban,153,4.068412433221472
2023-02-16,Suburban,126,3.918412433221472
2023-02-17,Suburban,120,3.3184124332214724
2023-02-18,Rural,165,3.858412433221472
2023-02-19,Urban,150,4.078412433221472
2023-02-20,Suburban,45,1.55
2023-02-21,Suburban,57,2.01
2023-02-22,Rural,50,1.73
2023-02-23,Urban,55,1.91
2023-02-24,Suburban,50,1.4
2023-02-25,Urban,60,2.21
2023-02-26,Urban,59,2.2
2023-02-27,Urban,49,1.59
2023-02-28,Urban,55,1.82
2023-03-01,Urban,54,1.49
2023-03-02,Suburban,58,2.04
2023-03-03,Urban,46,1.65
2023-03-04,Suburban,55,1.82
2023-03-05,Urban,57,2.12
2023-03-06,Urban,43,1.37
2023-03-07,Urban,46,1.65
2023-03-08,Urban,42,1.2
2023-03-09,Urban,51,1.7
2023-03-10,Urban,56,1.83
2023-03-11,Urban,60,2.05
2023-03-12,Urban,53,1.69
2023-03-13,Urban,61,2.01
2023-03-14,Urban,46,1.7
2023-03-15,Urban,44,1.38
2023-03-16,Rural,53,1.45
2023-03-17,Suburban,55,2.18
2023-03-18,Suburban,53,2.04
2023-03-19,Urban,43,1.17
2023-03-20,Suburban,53,1.9
2023-03-21,Suburban,47,1.47
2023-03-22,Suburban,57,1.95
2023-03-23,Urban,55,1.89
2023-03-24,Suburban,49,1.59
2023-03-25,Suburban,51,1.54
2023-03-26,Urban,49,1.5
2023-03-27,Suburban,54,1.62
2023-03-28,Urban,59,1.8
2023-03-29,Urban,49,1.62
2023-03-30,Urban,57,1.76
2023-03-31,Suburban,51,1.84
2023-04-01,Urban,50,1.96
2023-04-02,Urban,54,1.68
2023-04-03,Urban,49,1.68
2023-04-04,Urban,51,1.8
2023-04-05,Urban,48,1.69
2023-04-06,Suburban,64,2.15
2023-04-07,Suburban,54,1.95
2023-04-08,Urban,51,1.8
2023-04-09,Urban,55,1.59
2023-04-10,Urban,53,1.94
2023-04-11,Suburban,53,1.94
2023-04-12,Urban,57,1.75
2023-04-13,Urban,58,1.94
2023-04-14,Urban,51,1.84
2023-04-15,Suburban,51,1.66
2023-04-16,Suburban,52,1.95
2023-04-17,Suburban,42,1.87
2023-04-18,Suburban,46,1.38
2023-04-19,Urban,60,1.72
2023-04-20,Urban,62,2.13
2023-04-21,Urban,52,1.88
2023-04-22,Urban,56,1.82
2023-04-23,Urban,55,2.12
2023-04-24,Urban,68,2.0
2023-04-25,Urban,58,2.07
2023-04-26,Rural,52,1.61
2023-04-27,Suburban,48,1.94
2023-04-28,Suburban,44,1.87
2023-04-29,Suburban,53,1.61
2023-04-30,Urban,48,1.49
2023-05-01,Suburban,45,1.67
2023-05-02,Urban,49,1.56
2023-05-03,Suburban,46,1.52
2023-05-04,Urban,60,2.01
2023-05-05,Rural,56,1.48
2023-05-06,Urban,51,1.7
2023-05-07,Urban,58,1.8
2023-05-08,Rural,51,1.6
2023-05-09,Urban,46,1.82
2023-05-10,Suburban,58,1.68
2023-05-11,Suburban,53,1.93
2023-05-12,Suburban,45,1.44
2023-05-13,Rural,49,1.58
2023-05-14,Rural,45,1.66
2023-05-15,Urban,42,1.47
2023-05-16,Suburban,54,1.91
2023-05-17,Suburban,58,2.13
2023-05-18,Suburban,42,1.33
2023-05-19,Urban,51,1.58
2023-05-20,Suburban,45,1.28
2023-05-21,Rural,45,1.33
2023-05-22,Rural,45,2.09
2023-05-23,Urban,43,1.68
2023-05-24,Urban,47,1.3
2023-05-25,Urban,43,1.17
2023-05-26,Suburban,48,1.7
2023-05-27,Suburban,46,1.64
2023-05-28,Urban,45,1.61
2023-05-29,Urban,41,1.32
2023-05-30,Urban,43,1.41
2023-05-31,Urban,49,1.7
2023-06-01,Rural,47,1.58
2023-06-02,Suburban,40,0.89
2023-06-03,Urban,45,1.45
2023-06-04,Urban,48,1.43
2023-06-05,Urban,35,1.2
2023-06-06,Rural,46,2.13
2023-06-07,Urban,40,1.41
2023-06-08,Urban,46,1.47
2023-06-09,Urban,39,1.48
2023-06-10,Suburban,33,1.2
2023-06-11,Suburban,34,1.22
2023-06-12,Suburban,42,1.52
2023-06-13,Urban,43,1.84
2023-06-14,Urban,37,1.01
2023-06-15,Urban,44,1.56
2023-06-16,Suburban,32,0.88
2023-06-17,Urban,40,1.44
2023-06-18,Urban,34,0.95
2023-06-19,Suburban,36,1.12
2023-06-20,Suburban,39,1.24
2023-06-21,Urban,34,1.33
2023-06-22,Urban,37,1.42
2023-06-23,Urban,43,1.18
2023-06-24,Suburban,35,1.18
2023-06-25,Suburban,42,1.26
2023-06-26,Urban,31,0.78
2023-06-27,Urban,39,1.26
2023-06-28,Suburban,44,1.4
2023-06-29,Suburban,24,1.29
2023-06-30,Urban,32,1.15
2023-07-01,Urban,38,0.99
2023-07-02,Urban,34,1.02
2023-07-03,Urban,37,1.44
2023-07-04,Rural,31,1.45
2023-07-05,Suburban,35,0.85
2023-07-06,Suburban,33,0.72
2023-07-07,Urban,39,1.67
2023-07-08,Suburban,34,1.21
2023-07-09,Urban,34,0.96
2023-07-10,Urban,30,1.11
2023-07-11,Urban,30,0.5
2023-07-12,Urban,30,1.0
2023-07-13,Suburban,33,1.17
2023-07-14,Urban,29,1.15
2023-07-15,Urban,32,0.86
2023-07-16,Urban,41,1.38
2023-07-17,Urban,35,0.98
2023-07-18,Urban,28,0.98
2023-07-19,Urban,36,1.02
2023-07-20,Suburban,27,0.82
2023-07-21,Urban,19,0.5
2023-07-22,Urban,24,0.93
2023-07-23,Urban,19,0.81
2023-07-24,Suburban,26,0.82
2023-07-25,Urban,28,0.94
2023-07-26,Urban,36,0.91
2023-07-27,Urban,29,0.91
2023-07-28,Urban,26,0.86
2023-07-29,Urban,31,1.56
2023-07-30,Suburban,15,0.5
2023-07-31,Suburban,27,1.19
2023-08-01,Urban,29,1.17
2023-08-02,Suburban,18,0.66
2023-08-03,Suburban,31,1.39
2023-08-04,Urban,26,0.94
2023-08-05,Urban,22,0.81
2023-08-06,Urban,27,0.89
2023-08-07,Urban,35,1.41
2023-08-08,Suburban,24,1.02
2023-08-09,Suburban,25,0.71
2023-08-10,Rural,21,0.5
2023-08-11,Suburban,19,0.59
2023-08-12,Urban,27,0.74
2023-08-13,Urban,18,0.59
2023-08-14,Suburban,22,0.98
2023-08-15,Urban,19,0.54
2023-08-16,Suburban,24,0.79
2023-08-17,Suburban,23,0.78
2023-08-18,Suburban,26,1.04
2023-08-19,Suburban,18,0.5
2023-08-20,Urban,19,0.51
2023-08-21,Suburban,16,0.58
2023-08-22,Suburban,18,0.84
2023-08-23,Urban,22,0.63
2023-08-24,Suburban,24,0.5
2023-08-25,Urban,15,0.62
2023-08-26,Rural,24,0.67
2023-08-27,Urban,26,0.63
2023-08-28,Urban,21,0.58
2023-08-29,Urban,28,0.9
2023-08-30,Suburban,15,0.5
2023-08-31,Urban,12,0.5
2023-09-01,Urban,9,0.5
2023-09-02,Urban,26,1.12
2023-09-03,Rural,21,0.83
2023-09-04,Urban,18,0.5
2023-09-05,Urban,19,0.59
2023-09-06,Suburban,12,0.5
2023-09-07,Urban,30,1.12
2023-09-08,Rural,18,0.73
2023-09-09,Urban,18,0.5
2023-09-10,Suburban,21,0.72
2023-09-11,Urban,19,0.72
2023-09-12,Urban,18,0.89
2023-09-13,Suburban,13,0.57
2023-09-14,Urban,19,0.79
2023-09-15,Suburban,26,0.88
2023-09-16,Urban,23,1.05
2023-09-17,Urban,24,0.88
2023-09-18,Urban,14,0.5
2023-09-19,Rural,11,0.65
2023-09-20,Urban,16,0.67
2023-09-21,Urban,16,0.5
2023-09-22,Urban,22,0.64
2023-09-23,Urban,8,0.5
2023-09-24,Urban,24,0.89
2023-09-25,Rural,15,0.54
2023-09-26,Urban,14,0.53
2023-09-27,Suburban,11,0.71
2023-09-28,Urban,8,0.5
2023-09-29,Suburban,20,0.7
2023-09-30,Rural,16,0.72
2023-10-01,Urban,9,0.5
2023-10-02,Rural,9,0.5
2023-10-03,Urban,14,0.83
2023-10-04,Rural,24,0.76
2023-10-05,Suburban,15,0.5
2023-10-06,Urban,8,0.5
2023-10-07,Urban,15,0.5
2023-10-08,Urban,15,0.5
2023-10-09,Urban,5,0.5
2023-10-10,Urban,16,0.5
2023-10-11,Urban,15,0.5
2023-10-12,Urban,20,0.85
2023-10-13,Suburban,26,0.69
2023-10-14,Urban,22,1.04
2023-10-15,Urban,15,0.6
2023-10-16,Suburban,11,0.57
2023-10-17,Urban,30,0.87
2023-10-18,Urban,17,0.74
2023-10-19,Urban,17,0.5
2023-10-20,Rural,17,0.74
2023-10-21,Suburban,18,0.63
2023-10-22,Urban,17,0.68
2023-10-23,Suburban,15,0.5
2023-10-24,Urban,15,0.5
2023-10-25,Suburban,18,0.72
2023-10-26,Suburban,15,0.5
2023-10-27,Suburban,14,0.56
2023-10-28,Urban,19,0.5
2023-10-29,Urban,17,0.74
2023-10-30,Urban,26,0.62
2023-10-31,Suburban,5,0.5
2023-11-01,Urban,24,0.93
2023-11-02,Suburban,25,0.69
2023-11-03,Rural,9,0.5
2023-11-04,Urban,18,0.65
2023-11-05,Suburban,18,0.5
2023-11-06,Suburban,13,0.5
2023-11-07,Rural,16,0.5
2023-11-08,Rural,15,0.57
2023-11-09,Suburban,29,0.65
2023-11-10,Urban,25,0.85
2023-11-11,Suburban,27,0.85
2023-11-12,Urban,25,0.97
2023-11-13,Suburban,16,0.5
2023-11-14,Rural,19,0.57
2023-11-15,Urban,24,0.95
2023-11-16,Suburban,16,0.6
2023-11-17,Urban,26,0.93
2023-11-18,Urban,21,0.79
2023-11-19,Urban,21,0.5
2023-11-20,Suburban,27,1.05
2023-11-21,Rural,26,0.99
2023-11-22,Rural,22,0.53
2023-11-23,Urban,30,0.95
2023-11-24,Suburban,19,0.63
2023-11-25,Suburban,28,0.91
2023-11-26,Urban,28,1.0
2023-11-27,Urban,24,1.09
2023-11-28,Urban,27,1.12
2023-11-29,Rural,19,0.5
2023-11-30,Suburban,31,1.16
2023-12-01,Suburban,25,1.1
2023-12-02,Urban,24,0.88
2023-12-03,Suburban,32,1.28
2023-12-04,Urban,24,1.2
2023-12-05,Urban,21,0.9
2023-12-06,Suburban,20,0.72
2023-12-07,Urban,31,1.24
2023-12-08,Suburban,22,0.76
2023-12-09,Urban,38,1.27
2023-12-10,Suburban,19,0.56
2023-12-11,Urban,38,1.58
2023-12-12,Urban,31,0.87
2023-12-13,Urban,30,1.31
2023-12-14,Urban,28,1.03
2023-12-15,Rural,33,0.82
2023-12-16,Urban,31,1.11
2023-12-17,Suburban,37,0.81
2023-12-18,Rural,32,1.19
2023-12-19,Urban,33,1.28
2023-12-20,Urban,31,0.91
2023-12-21,Suburban,33,1.12
2023-12-22,Rural,35,1.56
2023-12-23,Rural,25,0.73
2023-12-24,Urban,27,0.69
2023-12-25,Suburban,38,1.56
2023-12-26,Urban,36,1.59
2023-12-27,Rural,34,1.13
2023-12-28,Rural,35,1.37
2023-12-29,Urban,37,1.5
2023-12-30,Urban,33,0.95
2023-12-31,Urban,33,1.0
2024-01-01,Urban,38,1.51
2024-01-02,Suburban,32,1.4
2024-01-03,Urban,40,1.45
2024-01-04,Urban,29,0.79
2024-01-05,Urban,43,1.83
2024-01-06,Rural,41,1.26
2024-01-07,Suburban,40,1.27
2024-01-08,Urban,44,1.54
2024-01-09,Urban,48,1.91
2024-01-10,Rural,45,1.67
2024-01-11,Suburban,31,1.12
2024-01-12,Urban,34,1.23
2024-01-13,Urban,38,1.28
2024-01-14,Urban,41,1.48
2024-01-15,Urban,44,0.96
2024-01-16,Urban,38,1.21
2024-01-17,Rural,43,1.48
2024-01-18,Urban,39,1.07
2024-01-19,Suburban,40,1.41
2024-01-20,Urban,36,1.16
2024-01-21,Suburban,156,3.606106918391775
2024-01-22,Suburban,148,3.506106918391775
2024-01-23,Urban,160,3.1961069183917754
2024-01-24,Urban,200,3.596106918391775
2024-01-25,Suburban,160,3.2761069183917755
2024-01-26,Urban,236,3.836106918391775
2024-01-27,Urban,192,3.596106918391775
2024-01-28,Urban,188,3.376106918391775
2024-01-29,Rural,168,3.126106918391775
2024-01-30,Urban,200,3.7461069183917752
2024-01-31,Suburban,176,3.546106918391775
2024-02-01,Urban,192,3.396106918391775
2024-02-02,Suburban,240,4.136106918391775
2024-02-03,Urban,188,3.396106918391775
2024-02-04,Suburban,216,3.8061069183917753
2024-02-05,Urban,45,1.66
2024-02-06,Suburban,49,1.63
2024-02-07,Suburban,58,2.02
2024-02-08,Urban,46,1.43
2024-02-09,Urban,59,1.93
2024-02-10,Urban,53,1.73
2024-02-11,Urban,47,1.42
2024-02-12,Suburban,54,1.76
2024-02-13,Urban,56,1.56
2024-02-14,Urban,54,1.7
2024-02-15,Suburban,43,1.38
2024-02-16,Urban,48,1.55
2024-02-17,Urban,51,1.65
2024-02-18,Urban,52,1.72
2024-02-19,Rural,55,1.93
2024-02-20,Suburban,53,1.94
2024-02-21,Suburban,46,1.4
2024-02-22,Urban,55,1.59
2024-02-23,Suburban,56,1.66
2024-02-24,Urban,56,1.77
2024-02-25,Urban,59,1.9
2024-02-26,Urban,58,1.78
2024-02-27,Urban,56,1.61
2024-02-28,Urban,54,1.71
2024-02-29,Urban,46,1.57
2024-03-01,Urban,57,2.02
2024-03-02,Urban,56,1.76
2024-03-03,Suburban,56,1.78
2024-03-04,Urban,49,1.45
2024-03-05,Suburban,50,1.66
2024-03-06,Urban,61,1.86
2024-03-07,Suburban,55,1.95
2024-03-08,Urban,59,1.61
2024-03-09,Urban,56,1.79
2024-03-10,Urban,56,1.93
2024-03-11,Suburban,61,2.07
2024-03-12,Suburban,54,2.34
2024-03-13,Urban,57,1.97
2024-03-14,Urban,54,1.6
2024-03-15,Suburban,54,1.78
2024-03-16,Suburban,55,1.48
2024-03-17,Urban,58,1.92
2024-03-18,Urban,55,1.67
2024-03-19,Urban,63,2.28
2024-03-20,Suburban,53,1.66
2024-03-21,Urban,56,1.84
2024-03-22,Rural,55,1.71
2024-03-23,Urban,65,2.51
2024-03-24,Urban,58,1.87
2024-03-25,Urban,63,2.47
2024-03-26,Rural,50,1.83
2024-03-27,Suburban,59,2.06
2024-03-28,Urban,62,2.14
2024-03-29,Suburban,58,2.01
2024-03-30,Urban,63,1.71
2024-03-31,Urban,55,1.78
2024-04-01,Urban,65,2.34
2024-04-02,Urban,69,2.29
2024-04-03,Urban,56,1.59
2024-04-04,Rural,55,1.82
2024-04-05,Urban,65,2.51
2024-04-06,Rural,66,2.45
2024-04-07,Urban,55,1.82
2024-04-08,Suburban,56,2.06
2024-04-09,Urban,56,1.79
2024-04-10,Urban,51,1.36
2024-04-11,Urban,53,1.58
2024-04-12,Urban,52,2.05
2024-04-13,Suburban,54,1.75
2024-04-14,Urban,57,1.85
2024-04-15,Suburban,58,1.87
2024-04-16,Urban,65,2.55
2024-04-17,Urban,52,2.06
2024-04-18,Urban,62,2.51
2024-04-19,Rural,56,1.83
2024-04-20,Suburban,57,1.96
2024-04-21,Urban,60,1.7
2024-04-22,Urban,51,2.0
2024-04-23,Urban,58,1.7
2024-04-24,Rural,57,1.94
2024-04-25,Suburban,59,1.75
2024-04-26,Urban,58,1.82
2024-04-27,Urban,68,2.1
2024-04-28,Urban,53,1.65
2024-04-29,Rural,53,1.66
2024-04-30,Urban,52,1.62
2024-05-01,Suburban,53,1.93
2024-05-02,Urban,52,1.51
2024-05-03,Suburban,61,2.08
2024-05-04,Suburban,62,2.31
2024-05-05,Suburban,52,1.63
2024-05-06,Suburban,50,1.52
2024-05-07,Suburban,57,1.85
2024-05-08,Urban,51,1.94
2024-05-09,Urban,57,1.94
2024-05-10,Urban,55,1.73
2024-05-11,Rural,46,1.63
2024-05-12,Urban,61,1.81
2024-05-13,Suburban,62,2.2
2024-05-14,Suburban,50,1.75
2024-05-15,Urban,51,1.64
2024-05-16,Urban,54,1.63
2024-05-17,Urban,54,1.62
2024-05-18,Urban,55,1.94
2024-05-19,Urban,62,2.31
2024-05-20,Urban,51,1.57
2024-05-21,Suburban,47,1.66
2024-05-22,Rural,44,1.05
2024-05-23,Urban,47,1.45
2024-05-24,Urban,50,1.66
2024-05-25,Urban,59,1.78
2024-05-26,Suburban,47,1.38
2024-05-27,Suburban,51,1.57
2024-05-28,Urban,49,1.69
2024-05-29,Urban,55,1.8
2024-05-30,Suburban,62,1.62
2024-05-31,Suburban,46,1.11
2024-06-01,Urban,46,1.41
2024-06-02,Suburban,53,1.86
2024-06-03,Urban,51,1.15
2024-06-04,Urban,57,1.8
2024-06-05,Suburban,50,1.56
2024-06-06,Suburban,45,1.78
2024-06-07,Urban,50,1.59
2024-06-08,Rural,52,1.81
2024-06-09,Urban,50,1.69
2024-06-10,Suburban,48,1.17
2024-06-11,Urban,51,1.85
2024-06-12,Suburban,51,1.74
2024-06-13,Rural,52,1.83
2024-06-14,Urban,48,2.39
2024-06-15,Rural,43,1.02
2024-06-16,Suburban,44,1.81
2024-06-17,Suburban,49,1.58
2024-06-18,Urban,39,1.36
2024-06-19,Suburban,45,1.49
2024-06-20,Suburban,40,1.25
2024-06-21,Urban,42,1.29
2024-06-22,Rural,48,1.67
2024-06-23,Urban,42,1.1
2024-06-24,Urban,41,1.52
2024-06-25,Urban,34,1.05
2024-06-26,Urban,44,1.24
2024-06-27,Suburban,43,1.34
2024-06-28,Urban,51,1.95
2024-06-29,Rural,38,1.16
2024-06-30,Urban,40,1.41
2024-07-01,Urban,40,1.19
2024-07-02,Urban,46,1.68
2024-07-03,Urban,38,1.4
2024-07-04,Rural,39,1.67
2024-07-05,Suburban,40,1.3
2024-07-06,Suburban,38,1.4
2024-07-07,Urban,35,1.19
2024-07-08,Urban,37,1.49
2024-07-09,Urban,41,1.22
2024-07-10,Urban,31,1.18
2024-07-11,Urban,36,1.16
2024-07-12,Suburban,32,1.05
2024-07-13,Urban,41,1.39
2024-07-14,Suburban,27,0.95
2024-07-15,Urban,31,1.01
2024-07-16,Urban,36,1.24
2024-07-17,Suburban,41,1.68
2024-07-18,Urban,33,1.3
2024-07-19,Suburban,30,1.17
2024-07-20,Suburban,42,1.31
2024-07-21,Urban,25,0.66
2024-07-22,Rural,21,0.89
2024-07-23,Urban,34,1.31
2024-07-24,Urban,29,1.26
2024-07-25,Suburban,26,0.75
2024-07-26,Urban,34,1.09
2024-07-27,Suburban,32,0.74
2024-07-28,Suburban,27,0.82
2024-07-29,Rural,23,0.97
2024-07-30,Urban,34,1.04
2024-07-31,Urban,32,1.19
2024-08-01,Suburban,28,0.9
2024-08-02,Urban,38,1.33
2024-08-03,Urban,23,0.54
2024-08-04,Urban,20,0.68
2024-08-05,Urban,24,0.5
2024-08-06,Urban,27,0.86
2024-08-07,Suburban,28,0.61
2024-08-08,Suburban,26,1.11
2024-08-09,Urban,28,1.09
2024-08-10,Urban,20,0.76
2024-08-11,Urban,33,1.4
2024-08-12,Suburban,26,0.68
2024-08-13,Urban,31,1.38
2024-08-14,Suburban,27,1.09
2024-08-15,Urban,27,0.85
2024-08-16,Suburban,28,1.16
2024-08-17,Urban,27,0.68
2024-08-18,Suburban,28,0.77
2024-08-19,Urban,31,0.91
2024-08-20,Suburban,25,0.73
2024-08-21,Urban,27,0.69
2024-08-22,Suburban,23,1.01
2024-08-23,Suburban,31,0.98
2024-08-24,Urban,20,0.74
2024-08-25,Suburban,32,0.95
2024-08-26,Urban,23,0.5
2024-08-27,Urban,16,0.59
2024-08-28,Urban,23,0.5
2024-08-29,Urban,19,0.62
2024-08-30,Suburban,26,0.59
2024-08-31,Suburban,19,1.03
2024-09-01,Urban,20,0.85
2024-09-02,Urban,12,0.5
2024-09-03,Suburban,19,0.89
2024-09-04,Rural,9,0.5
2024-09-05,Urban,13,0.54
2024-09-06,Rural,25,0.87
2024-09-07,Urban,25,0.89
2024-09-08,Urban,23,1.02
2024-09-09,Suburban,16,0.68
2024-09-10,Urban,20,0.72
2024-09-11,Urban,20,0.5
2024-09-12,Urban,15,0.5
2024-09-13,Suburban,28,0.91
2024-09-14,Suburban,25,0.85
2024-09-15,Urban,19,0.5
2024-09-16,Urban,20,1.15
2024-09-17,Urban,21,1.0
2024-09-18,Urban,10,0.5
2024-09-19,Urban,19,0.65
2024-09-20,Suburban,16,0.5
2024-09-21,Urban,15,0.5
2024-09-22,Urban,18,0.62
2024-09-23,Urban,29,1.02
2024-09-24,Urban,23,0.52
2024-09-25,Rural,17,0.63
2024-09-26,Urban,22,0.7
2024-09-27,Urban,27,0.52
2024-09-28,Urban,24,0.63
2024-09-29,Urban,20,0.58
2024-09-30,Urban,16,0.91
2024-10-01,Urban,23,0.88
2024-10-02,Urban,22,0.5
2024-10-03,Urban,24,0.9
2024-10-04,Urban,23,0.5
2024-10-05,Urban,25,1.05
2024-10-06,Rural,17,0.5
2024-10-07,Urban,26,0.85
2024-10-08,Urban,21,0.97
2024-10-09,Urban,30,0.74
2024-10-10,Urban,16,0.5
2024-10-11,Suburban,29,0.85
2024-10-12,Urban,21,0.91
2024-10-13,Suburban,17,0.5
2024-10-14,Urban,18,0.5
2024-10-15,Urban,19,0.54
2024-10-16,Suburban,22,0.84
2024-10-17,Urban,23,1.01
2024-10-18,Urban,18,0.51
2024-10-19,Urban,21,0.62
2024-10-20,Suburban,32,1.3
2024-10-21,Urban,30,0.63
2024-10-22,Suburban,23,0.69
2024-10-23,Urban,21,0.74
2024-10-24,Suburban,22,0.82
2024-10-25,Urban,25,0.73
2024-10-26,Suburban,17,0.57
2024-10-27,Urban,21,0.5
2024-10-28,Rural,14,0.5
2024-10-29,Urban,24,0.89
2024-10-30,Urban,26,0.67
2024-10-31,Urban,20,0.68
2024-11-01,Urban,31,1.12
2024-11-02,Urban,17,0.5
2024-11-03,Rural,16,0.57
2024-11-04,Rural,24,0.61
2024-11-05,Urban,29,0.93
2024-11-06,Rural,32,1.19
2024-11-07,Urban,22,0.76
2024-11-08,Urban,29,0.85
2024-11-09,Suburban,24,0.84
2024-11-10,Suburban,24,0.94
2024-11-11,Rural,29,0.56
2024-11-12,Urban,28,1.17
2024-11-13,Suburban,17,0.5
2024-11-14,Urban,33,1.19
2024-11-15,Urban,33,1.34
2024-11-16,Urban,23,0.5
2024-11-17,Rural,28,0.79
2024-11-18,Suburban,29,0.91
2024-11-19,Suburban,28,0.78
2024-11-20,Urban,24,1.15
2024-11-21,Urban,24,0.63
2024-11-22,Urban,27,0.79
2024-11-23,Urban,34,1.17
2024-11-24,Urban,31,0.79
2024-11-25,Suburban,27,0.82
2024-11-26,Urban,33,1.16
2024-11-27,Urban,15,0.5
2024-11-28,Urban,35,1.15
2024-11-29,Urban,21,0.59
2024-11-30,Urban,28,0.63
2024-12-01,Rural,25,0.9
2024-12-02,Suburban,24,1.15
2024-12-03,Suburban,37,1.24
2024-12-04,Urban,29,1.01
2024-12-05,Urban,33,1.24
2024-12-06,Urban,32,0.81
2024-12-07,Suburban,35,1.51
2024-12-08,Suburban,33,1.14
2024-12-09,Urban,26,1.19
2024-12-10,Urban,38,1.12
2024-12-11,Urban,31,1.4
2024-12-12,Suburban,26,1.02
2024-12-13,Rural,32,1.18
2024-12-14,Urban,42,1.45
2024-12-15,Urban,39,1.25
2024-12-16,Urban,33,1.34
2024-12-17,Urban,34,1.16
2024-12-18,Urban,34,0.74
2024-12-19,Urban,47,1.34
2024-12-20,Suburban,38,1.23
2024-12-21,Suburban,39,1.36
2024-12-22,Urban,42,1.39
2024-12-23,Suburban,39,1.54
2024-12-24,Urban,37,0.84
2024-12-25,Urban,37,1.26
2024-12-26,Urban,38,0.9
2024-12-27,Urban,39,1.45
2024-12-28,Urban,43,1.41
2024-12-29,Urban,40,1.42
2024-12-30,Urban,44,1.29
2024-12-31,Rural,40,1.59
2025-01-01,Urban,41,1.58
2025-01-02,Urban,31,1.15
2025-01-03,Urban,46,1.51
2025-01-04,Suburban,44,1.58
2025-01-05,Urban,94,3.2866397436517722
2025-01-06,Suburban,56,2.956639743651772
2025-01-07,Urban,106,3.956639743651772
2025-01-08,Urban,86,3.506639743651772
2025-01-09,Urban,98,3.346639743651772
2025-01-10,Urban,78,3.226639743651772
2025-01-11,Urban,94,3.166639743651772
2025-01-12,Urban,78,3.266639743651772
2025-01-13,Urban,84,3.346639743651772
2025-01-14,Urban,110,3.316639743651772
2025-01-15,Urban,90,3.126639743651772
2025-01-16,Rural,94,3.3666397436517723
2025-01-17,Urban,102,3.496639743651772
2025-01-18,Suburban,98,3.246639743651772
2025-01-19,Suburban,96,3.5366397436517722
2025-01-20,Urban,49,1.68
2025-01-21,Urban,60,1.96
2025-01-22,Urban,48,1.45
2025-01-23,Suburban,49,1.84
2025-01-24,Suburban,54,2.13
2025-01-25,Suburban,55,1.74
2025-01-26,Rural,55,1.71
2025-01-27,Suburban,53,1.86
2025-01-28,Urban,44,1.4
2025-01-29,Urban,58,1.91
2025-01-30,Suburban,45,1.65
2025-01-31,Urban,52,1.35
2025-02-01,Urban,47,1.83
2025-02-02,Suburban,51,1.71
2025-02-03,Urban,53,1.68
2025-02-04,Rural,54,1.78
2025-02-05,Suburban,55,1.83
2025-02-06,Urban,61,1.69
2025-02-07,Rural,55,2.13
2025-02-08,Urban,52,1.74
2025-02-09,Urban,58,2.02
2025-02-10,Urban,60,2.19
2025-02-11,Urban,48,1.4
2025-02-12,Urban,57,1.99
2025-02-13,Urban,58,1.88
2025-02-14,Urban,53,1.94
2025-02-15,Urban,62,1.64
2025-02-16,Suburban,55,1.81
2025-02-17,Suburban,56,1.75
2025-02-18,Urban,55,1.92
2025-02-19,Urban,56,1.96
2025-02-20,Urban,51,1.56
2025-02-21,Urban,49,1.49
2025-02-22,Suburban,65,2.14
2025-02-23,Suburban,53,1.59
2025-02-24,Urban,52,1.9
2025-02-25,Urban,47,1.49
2025-02-26,Urban,54,1.22
2025-02-27,Suburban,51,1.63
2025-02-28,Urban,66,1.99
2025-03-01,Rural,63,1.77
2025-03-02,Suburban,55,1.59
2025-03-03,Urban,70,2.36
2025-03-04,Urban,64,2.4
2025-03-05,Rural,57,1.96
2025-03-06,Urban,47,1.45
2025-03-07,Urban,71,2.46
2025-03-08,Urban,52,1.64
2025-03-09,Suburban,51,1.56
2025-03-10,Suburban,65,1.94
2025-03-11,Suburban,72,2.05
2025-03-12,Suburban,67,2.16
2025-03-13,Suburban,63,2.13
2025-03-14,Rural,63,2.08
2025-03-15,Urban,65,2.08
2025-03-16,Urban,64,1.94
2025-03-17,Suburban,62,2.19
2025-03-18,Suburban,61,1.77
2025-03-19,Suburban,60,2.16
2025-03-20,Urban,57,1.7
2025-03-21,Suburban,59,1.82
2025-03-22,Suburban,52,1.44
2025-03-23,Urban,61,1.93
2025-03-24,Urban,56,2.06
2025-03-25,Urban,56,1.97
2025-03-26,Urban,62,2.26
2025-03-27,Urban,68,2.37
2025-03-28,Urban,66,1.98
2025-03-29,Urban,53,1.7
2025-03-30,Suburban,56,1.71
2025-03-31,Suburban,66,2.47
2025-04-01,Suburban,56,1.63
2025-04-02,Urban,60,2.18
2025-04-03,Urban,64,2.31
2025-04-04,Suburban,57,2.27
2025-04-05,Urban,62,1.98
2025-04-06,Rural,55,1.98
2025-04-07,Suburban,58,2.39
2025-04-08,Urban,63,1.98
2025-04-09,Rural,53,1.46
2025-04-10,Urban,63,1.72
2025-04-11,Urban,61,2.18
2025-04-12,Suburban,64,1.76
2025-04-13,Urban,62,1.99
2025-04-14,Rural,68,2.35
2025-04-15,Urban,62,2.1
2025-04-16,Urban,59,2.05
2025-04-17,Urban,61,2.08
2025-04-18,Suburban,63,2.36
2025-04-19,Urban,61,1.84
2025-04-20,Urban,61,1.9
2025-04-21,Suburban,57,1.75
2025-04-22,Urban,57,2.07
2025-04-23,Suburban,53,1.95
2025-04-24,Urban,69,2.39
2025-04-25,Suburban,54,2.04
2025-04-26,Suburban,56,1.63
2025-04-27,Urban,56,2.2
2025-04-28,Urban,64,2.44
2025-04-29,Suburban,58,2.08
2025-04-30,Urban,65,2.52
2025-05-01,Rural,56,1.54
2025-05-02,Urban,60,1.9
2025-05-03,Urban,55,1.69
2025-05-04,Urban,69,2.44
2025-05-05,Rural,52,1.52
2025-05-06,Urban,60,2.15
2025-05-07,Suburban,61,2.31
2025-05-08,Suburban,60,2.14
2025-05-09,Urban,57,1.96
2025-05-10,Urban,57,1.7
2025-05-11,Suburban,57,1.73
2025-05-12,Urban,56,2.12
2025-05-13,Suburban,62,2.22
2025-05-14,Urban,68,2.26
2025-05-15,Urban,54,1.72
2025-05-16,Suburban,49,1.23
2025-05-17,Urban,55,1.62
2025-05-18,Urban,69,2.68
2025-05-19,Urban,51,1.44
2025-05-20,Urban,63,2.14
2025-05-21,Urban,63,2.3
2025-05-22,Suburban,52,1.48
2025-05-23,Urban,57,1.94
2025-05-24,Urban,62,2.25
2025-05-25,Suburban,52,1.74
2025-05-26,Urban,53,2.34
2025-05-27,Urban,50,1.33
2025-05-28,Rural,48,1.81
2025-05-29,Suburban,50,1.63
2025-05-30,Urban,46,1.69
2025-05-31,Suburban,52,1.82
2025-06-01,Urban,48,1.45
2025-06-02,Suburban,53,1.81
2025-06-03,Urban,44,1.1
2025-06-04,Urban,53,1.89
2025-06-05,Urban,55,1.89
2025-06-06,Urban,41,1.49
2025-06-07,Urban,52,1.94
2025-06-08,Rural,56,1.94
2025-06-09,Urban,44,1.5
2025-06-10,Urban,58,1.76
2025-06-11,Urban,51,1.56
2025-06-12,Urban,45,1.74
2025-06-13,Suburban,48,1.89
2025-06-14,Urban,51,1.65
2025-06-15,Urban,48,1.61
2025-06-16,Urban,50,1.49
2025-06-17,Suburban,42,1.63
2025-06-18,Urban,48,1.73
2025-06-19,Urban,39,1.69
2025-06-20,Urban,46,1.36
2025-06-21,Urban,41,1.29
2025-06-22,Urban,42,1.45
2025-06-23,Suburban,51,1.83
2025-06-24,Suburban,50,1.62
2025-06-25,Suburban,47,1.39
2025-06-26,Urban,39,1.48
2025-06-27,Urban,42,1.54
2025-06-28,Urban,50,1.48
2025-06-29,Rural,44,1.74
2025-06-30,Urban,54,2.03
2025-07-01,Suburban,44,1.49
2025-07-02,Urban,43,1.45
2025-07-03,Urban,40,1.44
2025-07-04,Urban,42,1.23
2025-07-05,Urban,40,1.34
2025-07-06,Rural,44,1.04
2025-07-07,Rural,45,1.68
2025-07-08,Urban,36,0.89
2025-07-09,Urban,33,1.4
2025-07-10,Rural,30,0.93
2025-07-11,Suburban,42,1.36
2025-07-12,Urban,33,0.97
2025-07-13,Urban,28,0.88
2025-07-14,Urban,40,1.62
2025-07-15,Urban,50,1.17
2025-07-16,Urban,37,1.49
2025-07-17,Urban,41,1.43
2025-07-18,Urban,37,0.99
2025-07-19,Urban,36,0.98
2025-07-20,Urban,41,1.7
2025-07-21,Suburban,34,0.94
2025-07-22,Suburban,37,1.0
2025-07-23,Urban,37,1.46
2025-07-24,Rural,32,1.13
2025-07-25,Rural,40,1.15
2025-07-26,Urban,33,1.14
2025-07-27,Urban,30,0.79
2025-07-28,Suburban,36,1.42
2025-07-29,Suburban,29,1.18
2025-07-30,Rural,33,1.21
2025-07-31,Suburban,33,1.17
2025-08-01,Suburban,38,1.62
2025-08-02,Urban,35,1.17
2025-08-03,Urban,32,0.83
2025-08-04,Urban,36,1.29
2025-08-05,Urban,38,1.68
2025-08-06,Suburban,34,0.93
2025-08-07,Urban,31,0.96
2025-08-08,Suburban,24,0.88
2025-08-09,Urban,25,0.82
2025-08-10,Urban,29,0.77
2025-08-11,Urban,27,1.12
2025-08-12,Urban,29,1.43
2025-08-13,Suburban,30,1.04
2025-08-14,Suburban,32,0.89
2025-08-15,Rural,29,0.66
2025-08-16,Urban,31,1.08
2025-08-17,Urban,29,1.19
2025-08-18,Urban,18,0.7
2025-08-19,Urban,23,0.77
2025-08-20,Suburban,27,0.78
2025-08-21,Suburban,21,0.5
2025-08-22,Suburban,30,1.17
2025-08-23,Urban,35,1.35
2025-08-24,Suburban,33,0.79
2025-08-25,Urban,26,1.18
2025-08-26,Suburban,34,1.25
2025-08-27,Urban,27,1.18
2025-08-28,Urban,24,0.53
2025-08-29,Urban,23,0.5
2025-08-30,Rural,24,0.77
2025-08-31,Urban,24,0.9
2025-09-01,Urban,26,1.23
2025-09-02,Suburban,26,1.01
2025-09-03,Urban,25,0.78
2025-09-04,Urban,27,0.69
2025-09-05,Urban,31,1.28
2025-09-06,Urban,29,0.77
2025-09-07,Rural,17,0.89
2025-09-08,Suburban,12,0.5
2025-09-09,Urban,29,1.28
2025-09-10,Rural,17,0.7
2025-09-11,Urban,23,0.74
2025-09-12,Urban,18,0.5
2025-09-13,Urban,15,0.5
2025-09-14,Urban,27,0.99
2025-09-15,Urban,28,0.95
2025-09-16,Rural,21,0.58
2025-09-17,Suburban,11,0.5
2025-09-18,Urban,21,0.72
2025-09-19,Urban,25,0.5
2025-09-20,Suburban,16,0.62
2025-09-21,Rural,24,0.6
2025-09-22,Suburban,23,0.54
2025-09-23,Urban,26,0.53
2025-09-24,Suburban,24,0.5
2025-09-25,Urban,18,0.5
2025-09-26,Urban,29,0.82
2025-09-27,Urban,22,1.12
2025-09-28,Urban,23,0.66
2025-09-29,Urban,19,0.67
2025-09-30,Urban,21,0.78
2025-10-01,Urban,19,0.66
2025-10-02,Suburban,22,0.72
2025-10-03,Urban,32,0.83
2025-10-04,Urban,16,0.82
2025-10-05,Urban,15,0.86
2025-10-06,Rural,31,0.7
2025-10-07,Urban,22,0.53
2025-10-08,Urban,20,0.61
2025-10-09,Urban,29,0.77
2025-10-10,Suburban,21,0.8
2025-10-11,Rural,33,0.95
2025-10-12,Urban,27,1.33
2025-10-13,Urban,21,0.94
2025-10-14,Rural,35,1.21
2025-10-15,Urban,21,0.91
2025-10-16,Suburban,28,1.15
2025-10-17,Urban,26,0.75
2025-10-18,Urban,31,0.87
2025-10-19,Urban,32,1.08
2025-10-20,Urban,25,1.01
2025-10-21,Suburban,21,0.73
2025-10-22,Rural,27,0.58
2025-10-23,Urban,21,0.54
2025-10-24,Suburban,35,1.15
2025-10-25,Urban,26,0.85
2025-10-26,Urban,23,1.16
2025-10-27,Urban,26,0.59
2025-10-28,Rural,19,0.73
2025-10-29,Suburban,21,1.0
2025-10-30,Suburban,32,1.52
2025-10-31,Suburban,23,0.69
2025-11-01,Suburban,84,2.3034138663613524
2025-11-02,Rural,116,2.583413866361352
2025-11-03,Suburban,132,2.6434138663613522
2025-11-04,Rural,124,2.5134138663613523
2025-11-05,Urban,128,2.653413866361352
2025-11-06,Urban,96,2.003413866361352
2025-11-07,Urban,80,2.3034138663613524
2025-11-08,Urban,140,2.693413866361352
2025-11-09,Urban,104,2.323413866361352
2025-11-10,Urban,108,2.813413866361352
2025-11-11,Suburban,140,2.533413866361352
2025-11-12,Urban,124,2.453413866361352
2025-11-13,Urban,124,2.9334138663613523
2025-11-14,Urban,160,2.673413866361352
2025-11-15,Rural,104,2.2634138663613523
2025-11-16,Urban,34,1.1
2025-11-17,Urban,30,1.17
2025-11-18,Suburban,32,1.11
2025-11-19,Suburban,38,1.01
2025-11-20,Urban,33,0.99
2025-11-21,Urban,34,1.01
2025-11-22,Urban,37,1.22
2025-11-23,Rural,30,1.09
2025-11-24,Urban,28,1.02
2025-11-25,Urban,27,0.54
2025-11-26,Urban,23,0.98
2025-11-27,Urban,43,1.48
2025-11-28,Suburban,27,1.18
2025-11-29,Urban,32,1.16
2025-11-30,Urban,32,1.29
2025-12-01,Urban,35,1.26
2025-12-02,Urban,38,1.54
2025-12-03,Urban,39,1.4
2025-12-04,Suburban,32,1.05
2025-12-05,Suburban,34,1.59
2025-12-06,Rural,37,1.41
2025-12-07,Suburban,35,1.28
2025-12-08,Suburban,44,1.21
2025-12-09,Urban,39,1.04
2025-12-10,Suburban,40,1.39
2025-12-11,Suburban,40,1.36
2025-12-12,Suburban,43,1.31
2025-12-13,Urban,39,1.33
2025-12-14,Urban,32,1.38
2025-12-15,Suburban,40,1.47
2025-12-16,Suburban,36,0.97
2025-12-17,Rural,37,1.21
2025-12-18,Urban,42,1.24
2025-12-19,Urban,46,1.46
2025-12-20,Urban,40,1.25
2025-12-21,Suburban,42,1.3
2025-12-22,Urban,49,1.38
2025-12-23,Urban,42,1.37
2025-12-24,Rural,55,1.72
2025-12-25,Urban,45,0.91
2025-12-26,Suburban,34,1.54
2025-12-27,Urban,46,1.75
2025-12-28,Suburban,45,1.42
2025-12-29,Urban,50,1.67
2025-12-30,Rural,47,1.33
2025-12-31,Rural,43,1.77
2026-01-01,Urban,38,1.65
2026-01-02,Urban,44,1.5
2026-01-03,Urban,41,1.57
2026-01-04,Suburban,43,1.47
2026-01-05,Suburban,49,1.37
2026-01-06,Urban,55,1.75
2026-01-07,Suburban,49,1.66
2026-01-08,Urban,41,1.28
2026-01-09,Suburban,49,1.59
2026-01-10,Rural,54,1.78
2026-01-11,Urban,45,1.48
2026-01-12,Urban,48,1.61
2026-01-13,Urban,49,1.42
2026-01-14,Urban,45,1.36
2026-01-15,Urban,53,1.51
2026-01-16,Urban,49,1.83
2026-01-17,Urban,52,1.31
2026-01-18,Urban,46,1.76
2026-01-19,Urban,49,1.91
2026-01-20,Urban,55,1.77
2026-01-21,Urban,50,1.15
2026-01-22,Suburban,60,1.93
2026-01-23,Suburban,50,1.65
2026-01-24,Urban,53,1.56
2026-01-25,Urban,57,1.8
2026-01-26,Suburban,46,1.84
2026-01-27,Rural,45,1.63
2026-01-28,Urban,46,1.35
2026-01-29,Urban,60,1.68
2026-01-30,Urban,52,1.67
2026-01-31,Urban,67,2.19
2026-02-01,Urban,52,1.83
2026-02-02,Urban,56,1.76
2026-02-03,Suburban,63,2.2
2026-02-04,Urban,66,2.59
2026-02-05,Urban,66,2.36
2026-02-06,Urban,62,2.06
2026-02-07,Urban,62,2.03
2026-02-08,Urban,60,1.93
2026-02-09,Urban,61,2.27
2026-02-10,Suburban,55,1.71
2026-02-11,Urban,54,1.81
2026-02-12,Suburban,58,1.94
2026-02-13,Rural,57,1.8
2026-02-14,Urban,56,1.59
2026-02-15,Urban,62,2.13
2026-02-16,Urban,64,2.12
2026-02-17,Suburban,60,2.1
2026-02-18,Rural,67,2.13
2026-02-19,Suburban,54,2.04
2026-02-20,Urban,59,1.79
2026-02-21,Suburban,57,2.24
2026-02-22,Urban,51,1.35
2026-02-23,Urban,60,2.09
2026-02-24,Urban,60,2.1
2026-02-25,Urban,69,2.14
2026-02-26,Suburban,64,2.22
2026-02-27,Urban,56,2.12
2026-02-28,Urban,71,1.92
2026-03-01,Urban,68,2.37
2026-03-02,Suburban,65,1.67
2026-03-03,Suburban,61,1.84
2026-03-04,Urban,58,2.26
2026-03-05,Urban,61,1.92
2026-03-06,Urban,68,2.03
2026-03-07,Rural,72,2.36
2026-03-08,Urban,71,2.78
2026-03-09,Urban,61,1.67
2026-03-10,Urban,58,1.72
2026-03-11,Urban,64,2.43
2026-03-12,Suburban,55,2.2
2026-03-13,Urban,65,2.15
2026-03-14,Urban,63,1.85
2026-03-15,Urban,62,2.49
2026-03-16,Urban,56,2.19
2026-03-17,Rural,67,2.37
2026-03-18,Urban,62,1.9
2026-03-19,Suburban,59,1.96
2026-03-20,Suburban,50,1.63
2026-03-21,Urban,64,2.2
2026-03-22,Urban,73,2.72
2026-03-23,Urban,73,2.61
2026-03-24,Suburban,62,1.85
2026-03-25,Urban,62,2.34
2026-03-26,Urban,67,2.3
2026-03-27,Urban,60,2.14
2026-03-28,Suburban,66,2.49
2026-03-29,Urban,69,2.08
2026-03-30,Urban,71,2.36
2026-03-31,Urban,64,2.03
2026-04-01,Urban,64,1.82
2026-04-02,Suburban,61,2.1
2026-04-03,Urban,61,2.54
2026-04-04,Suburban,64,1.77
2026-04-05,Suburban,67,2.23
2026-04-06,Urban,70,2.46
2026-04-07,Suburban,61,2.06
2026-04-08,Urban,72,2.38
2026-04-09,Urban,64,1.87
2026-04-10,Suburban,65,2.21
2026-04-11,Urban,61,1.88
2026-04-12,Suburban,53,1.33
2026-04-13,Urban,69,2.54
2026-04-14,Rural,68,2.46
2026-04-15,Urban,63,2.11
2026-04-16,Urban,65,2.21
2026-04-17,Urban,67,2.45
2026-04-18,Suburban,57,1.94
2026-04-19,Suburban,62,2.25
2026-04-20,Urban,68,2.21
2026-04-21,Suburban,58,2.2
2026-04-22,Urban,65,2.23
2026-04-23,Urban,57,1.94
2026-04-24,Suburban,66,1.95
2026-04-25,Suburban,63,2.16
2026-04-26,Suburban,55,1.67
2026-04-27,Suburban,69,2.17
2026-04-28,Urban,60,1.84
2026-04-29,Suburban,59,1.75
2026-04-30,Urban,64,2.56
2026-05-01,Urban,68,2.53
2026-05-02,Urban,58,2.32
2026-05-03,Urban,63,1.86
2026-05-04,Urban,64,2.15
2026-05-05,Urban,66,1.94
2026-05-06,Urban,63,1.96
2026-05-07,Urban,60,1.82
2026-05-08,Urban,57,2.15
2026-05-09,Urban,62,1.99
2026-05-10,Urban,56,2.08
2026-05-11,Suburban,46,1.65
2026-05-12,Suburban,63,2.56
2026-05-13,Suburban,65,1.87
2026-05-14,Urban,48,1.85
2026-05-15,Suburban,55,2.06
2026-05-16,Urban,63,1.91
2026-05-17,Urban,70,2.53
2026-05-18,Urban,59,2.03
2026-05-19,Suburban,55,1.79
2026-05-20,Urban,58,1.77
2026-05-21,Urban,65,2.02
2026-05-22,Urban,55,2.24
2026-05-23,Suburban,54,1.8
2026-05-24,Suburban,55,1.99
2026-05-25,Urban,53,1.61
2026-05-26,Urban,58,1.78
2026-05-27,Urban,65,2.38
2026-05-28,Suburban,58,1.66
2026-05-29,Urban,55,1.75
2026-05-30,Suburban,55,1.84
2026-05-31,Urban,48,1.62
2026-06-01,Suburban,60,1.96
2026-06-02,Urban,55,1.91
2026-06-03,Urban,54,1.94
2026-06-04,Urban,71,2.51
2026-06-05,Urban,56,1.67
2026-06-06,Urban,50,1.61
2026-06-07,Suburban,52,1.97
2026-06-08,Urban,59,2.15
2026-06-09,Suburban,54,1.53
2026-06-10,Suburban,46,1.6
2026-06-11,Urban,57,1.5
2026-06-12,Suburban,49,1.64
2026-06-13,Suburban,61,2.41
2026-06-14,Urban,57,1.71
2026-06-15,Suburban,49,1.47
2026-06-16,Urban,57,2.05
2026-06-17,Urban,51,1.39
2026-06-18,Suburban,55,1.71
2026-06-19,Urban,52,1.85
2026-06-20,Urban,46,1.41
2026-06-21,Urban,46,1.49
2026-06-22,Suburban,54,1.95
2026-06-23,Rural,47,1.65
2026-06-24,Urban,46,1.59
2026-06-25,Suburban,43,1.37
2026-06-26,Rural,50,1.74
2026-06-27,Urban,58,1.91
2026-06-28,Urban,42,1.49
2026-06-29,Suburban,47,1.47
2026-06-30,Suburban,53,1.73
2026-07-01,Suburban,46,1.34
2026-07-02,Urban,48,1.59
2026-07-03,Urban,40,1.17
2026-07-04,Urban,47,1.34
2026-07-05,Urban,44,1.52
2026-07-06,Urban,49,1.68
2026-07-07,Suburban,50,1.82
2026-07-08,Urban,57,1.81
2026-07-09,Suburban,46,1.61
2026-07-10,Urban,45,1.61
2026-07-11,Urban,44,1.56
2026-07-12,Urban,41,1.2
2026-07-13,Urban,44,1.5
2026-07-14,Urban,40,1.41
2026-07-15,Rural,42,1.4
2026-07-16,Suburban,48,1.18
2026-07-17,Urban,36,1.23
2026-07-18,Urban,46,1.98
2026-07-19,Rural,47,1.49
2026-07-20,Urban,39,1.15
2026-07-21,Urban,29,1.04
2026-07-22,Urban,36,1.26
2026-07-23,Rural,45,1.74
2026-07-24,Urban,38,1.02
2026-07-25,Urban,33,1.25
2026-07-26,Rural,35,1.28
2026-07-27,Urban,42,1.37
2026-07-28,Urban,40,1.4
2026-07-29,Urban,36,1.41
2026-07-30,Suburban,35,1.34
2026-07-31,Urban,35,0.94
2026-08-01,Rural,32,1.23
2026-08-02,Suburban,44,1.45
2026-08-03,Urban,34,1.15
2026-08-04,Rural,41,1.38
2026-08-05,Urban,43,1.4
2026-08-06,Urban,40,1.57
2026-08-07,Urban,32,1.05
2026-08-08,Urban,36,0.98
2026-08-09,Urban,34,1.05
2026-08-10,Urban,29,1.0
2026-08-11,Urban,35,1.41
2026-08-12,Suburban,27,1.02
2026-08-13,Urban,39,1.13
2026-08-14,Rural,30,1.5
2026-08-15,Urban,34,1.19
2026-08-16,Urban,34,1.39
2026-08-17,Urban,31,1.0
2026-08-18,Urban,35,1.27
2026-08-19,Urban,29,1.13
2026-08-20,Suburban,36,1.44
2026-08-21,Rural,24,1.01
2026-08-22,Rural,32,1.24
2026-08-23,Urban,40,1.27
2026-08-24,Suburban,26,0.75
2026-08-25,Urban,27,0.97
2026-08-26,Urban,33,1.29
2026-08-27,Suburban,31,0.99
2026-08-28,Suburban,32,1.28
2026-08-29,Urban,32,1.36
2026-08-30,Urban,33,0.92
2026-08-31,Urban,35,1.0
2026-09-01,Suburban,31,1.01
2026-09-02,Urban,28,0.99
2026-09-03,Rural,32,0.96
2026-09-04,Urban,38,1.54
2026-09-05,Urban,28,1.02
2026-09-06,Urban,24,0.81
2026-09-07,Urban,34,0.85
2026-09-08,Urban,28,0.67
2026-09-09,Suburban,17,0.62
2026-09-10,Suburban,32,0.64
2026-09-11,Rural,25,1.04
2026-09-12,Suburban,27,0.87
2026-09-13,Suburban,29,1.62
2026-09-14,Urban,28,1.39
2026-09-15,Suburban,31,1.0
2026-09-16,Urban,25,0.81
2026-09-17,Urban,30,1.2
2026-09-18,Urban,26,1.21
2026-09-19,Urban,31,0.71
2026-09-20,Urban,30,0.64
2026-09-21,Rural,22,0.61
2026-09-22,Urban,32,1.18
2026-09-23,Urban,24,0.9
2026-09-24,Urban,31,1.25
2026-09-25,Urban,29,0.73
2026-09-26,Urban,36,0.74
2026-09-27,Urban,26,1.04
2026-09-28,Urban,25,0.67
2026-09-29,Urban,27,0.5
2026-09-30,Suburban,25,0.86
2026-10-01,Suburban,31,1.19
2026-10-02,Urban,19,0.61
2026-10-03,Urban,22,0.64
2026-10-04,Urban,22,0.7
2026-10-05,Suburban,32,0.99
2026-10-06,Urban,36,0.93
2026-10-07,Urban,26,0.72
2026-10-08,Suburban,26,0.97
2026-10-09,Urban,27,0.96
2026-10-10,Urban,33,1.13
2026-10-11,Urban,23,0.57
2026-10-12,Rural,29,0.93
2026-10-13,Suburban,32,0.63
2026-10-14,Suburban,30,1.04
2026-10-15,Urban,29,1.25
2026-10-16,Urban,33,0.81
2026-10-17,Rural,14,0.5
2026-10-18,Rural,31,1.1
2026-10-19,Urban,25,1.08
2026-10-20,Suburban,19,0.54
2026-10-21,Urban,31,0.89
2026-10-22,Urban,35,0.77
2026-10-23,Suburban,28,0.95
2026-10-24,Urban,33,1.51
2026-10-25,Rural,37,1.29
2026-10-26,Urban,36,1.2
2026-10-27,Urban,37,1.3
2026-10-28,Rural,33,1.1
2026-10-29,Rural,30,0.84
2026-10-30,Urban,22,0.9
2026-10-31,Urban,29,1.01
2026-11-01,Suburban,26,0.87
2026-11-02,Urban,41,1.17
2026-11-03,Rural,29,1.23
2026-11-04,Rural,31,1.17
2026-11-05,Urban,34,1.02
2026-11-06,Urban,31,1.23
2026-11-07,Urban,40,1.23
2026-11-08,Rural,28,0.78
2026-11-09,Urban,33,0.95
2026-11-10,Urban,28,0.58
2026-11-11,Urban,25,0.93
2026-11-12,Urban,29,0.6
2026-11-13,Urban,32,0.82
2026-11-14,Urban,31,0.62
2026-11-15,Rural,30,0.98
2026-11-16,Rural,26,0.84
2026-11-17,Suburban,33,1.03
2026-11-18,Urban,26,0.66
2026-11-19,Urban,38,1.03
2026-11-20,Suburban,35,1.26
2026-11-21,Urban,27,0.79
2026-11-22,Rural,33,1.16
2026-11-23,Suburban,31,0.86
2026-11-24,Urban,37,1.27
2026-11-25,Rural,42,1.66
2026-11-26,Rural,27,1.02
2026-11-27,Urban,37,1.15
2026-11-28,Urban,36,1.25
2026-11-29,Urban,40,1.29
2026-11-30,Urban,38,1.27
2026-12-01,Urban,34,1.07
2026-12-02,Urban,36,1.17
2026-12-03,Rural,34,1.18
2026-12-04,Urban,44,1.27
2026-12-05,Urban,39,1.1
2026-12-06,Suburban,196,3.0500961751213427
2026-12-07,Urban,156,2.6700961751213423
2026-12-08,Suburban,144,2.6500961751213428
2026-12-09,Urban,132,2.8200961751213427
2026-12-10,Urban,124,2.5400961751213424
2026-12-11,Urban,132,2.8900961751213425
2026-12-12,Suburban,168,3.1000961751213425
2026-12-13,Urban,176,2.7600961751213426
2026-12-14,Suburban,136,2.9500961751213426
2026-12-15,Urban,188,3.4200961751213423
2026-12-16,Urban,160,2.8200961751213427
2026-12-17,Urban,176,3.2400961751213426
2026-12-18,Rural,204,3.2200961751213426
2026-12-19,Rural,192,3.310096175121343
2026-12-20,Urban,172,2.8700961751213425
2026-12-21,Urban,40,0.97
2026-12-22,Urban,34,1.06
2026-12-23,Urban,41,1.34
2026-12-24,Urban,44,1.39
2026-12-25,Rural,41,1.13
2026-12-26,Rural,45,1.42
2026-12-27,Urban,47,1.62
2026-12-28,Urban,46,1.52
2026-12-29,Suburban,44,1.5
2026-12-30,Suburban,48,1.47
2026-12-31,Urban,50,1.9
2027-01-01,Urban,43,1.2
2027-01-02,Urban,56,1.96
2027-01-03,Urban,48,1.84
2027-01-04,Urban,49,1.73
2027-01-05,Urban,53,1.73
2027-01-06,Suburban,51,1.59
2027-01-07,Urban,55,2.04
2027-01-08,Urban,52,1.45
2027-01-09,Urban,48,1.41
2027-01-10,Suburban,53,1.69
2027-01-11,Suburban,46,1.78
2027-01-12,Urban,53,1.84
2027-01-13,Urban,52,1.54
2027-01-14,Rural,52,1.67
2027-01-15,Urban,52,1.61
2027-01-16,Urban,44,1.32
2027-01-17,Urban,51,1.9
2027-01-18,Urban,54,1.53
2027-01-19,Urban,55,2.16
2027-01-20,Rural,50,1.83
2027-01-21,Suburban,61,2.25
2027-01-22,Urban,51,1.61
2027-01-23,Rural,61,2.0
2027-01-24,Urban,58,1.65
2027-01-25,Urban,53,1.66
2027-01-26,Urban,66,2.3
2027-01-27,Suburban,51,1.96
2027-01-28,Urban,62,1.85
2027-01-29,Urban,63,2.03
2027-01-30,Suburban,55,1.8
2027-01-31,Suburban,65,1.89
2027-02-01,Suburban,57,2.02
2027-02-02,Urban,60,1.86
2027-02-03,Urban,60,1.96
2027-02-04,Urban,59,1.88
2027-02-05,Urban,64,1.98
2027-02-06,Rural,64,2.13
2027-02-07,Urban,52,1.69
2027-02-08,Urban,67,2.16
2027-02-09,Suburban,53,1.62
2027-02-10,Urban,66,2.26
2027-02-11,Urban,67,2.56
2027-02-12,Suburban,56,1.89
2027-02-13,Suburban,60,2.2
2027-02-14,Suburban,57,1.62
2027-02-15,Urban,61,2.06
2027-02-16,Urban,61,1.81
2027-02-17,Suburban,67,1.94
2027-02-18,Urban,70,2.19
2027-02-19,Urban,70,2.57
2027-02-20,Suburban,61,2.22
2027-02-21,Urban,63,2.15
2027-02-22,Suburban,56,1.56
2027-02-23,Urban,60,1.96
2027-02-24,Urban,69,2.36
2027-02-25,Urban,73,2.47
2027-02-26,Suburban,59,1.6
2027-02-27,Urban,62,1.89
2027-02-28,Urban,65,2.15
2027-03-01,Suburban,67,2.34
2027-03-02,Suburban,62,1.63
2027-03-03,Rural,68,2.23
2027-03-04,Urban,64,2.16
2027-03-05,Urban,66,2.37
2027-03-06,Rural,69,2.44
2027-03-07,Suburban,67,2.35
2027-03-08,Urban,65,2.01
2027-03-09,Urban,66,1.82
2027-03-10,Suburban,67,2.15
2027-03-11,Urban,65,2.37
2027-03-12,Suburban,66,2.48
2027-03-13,Urban,75,2.64
2027-03-14,Urban,70,2.42
2027-03-15,Suburban,66,2.28
2027-03-16,Urban,71,2.26
2027-03-17,Urban,66,2.17
2027-03-18,Urban,74,2.8
2027-03-19,Urban,70,2.14
2027-03-20,Suburban,68,2.59
2027-03-21,Suburban,70,2.27
2027-03-22,Suburban,60,2.27
2027-03-23,Urban,63,1.82
2027-03-24,Urban,62,2.18
2027-03-25,Urban,69,2.15
2027-03-26,Rural,77,2.28
2027-03-27,Suburban,80,2.71
2027-03-28,Suburban,72,2.6
2027-03-29,Urban,71,2.2
2027-03-30,Urban,60,1.7
2027-03-31,Urban,66,2.18
2027-04-01,Urban,65,2.15
2027-04-02,Urban,66,2.31
2027-04-03,Rural,68,2.46
2027-04-04,Urban,66,2.19
2027-04-05,Urban,59,2.34
2027-04-06,Urban,72,2.44
2027-04-07,Rural,63,2.03
2027-04-08,Urban,70,2.01
2027-04-09,Suburban,79,2.58
2027-04-10,Rural,64,2.07
2027-04-11,Urban,56,2.06
2027-04-12,Suburban,67,2.33
2027-04-13,Urban,74,2.23
2027-04-14,Urban,78,2.63
2027-04-15,Suburban,62,2.2
2027-04-16,Suburban,71,2.67
2027-04-17,Urban,66,2.38
2027-04-18,Urban,67,2.39
2027-04-19,Urban,81,2.71
2027-04-20,Urban,60,2.08
2027-04-21,Urban,69,2.55
2027-04-22,Urban,70,2.07
2027-04-23,Urban,73,2.36
2027-04-24,Suburban,68,2.11
2027-04-25,Urban,69,2.38
2027-04-26,Urban,65,2.41
2027-04-27,Urban,68,2.15
2027-04-28,Suburban,65,1.69
2027-04-29,Urban,70,2.25
2027-04-30,Urban,65,2.35
2027-05-01,Urban,68,2.37
2027-05-02,Suburban,66,2.29
2027-05-03,Urban,72,2.34
2027-05-04,Suburban,66,1.94
2027-05-05,Rural,57,2.0
2027-05-06,Suburban,72,2.23
2027-05-07,Suburban,61,2.47
2027-05-08,Urban,62,2.18
2027-05-09,Urban,62,1.95
2027-05-10,Rural,72,2.28
2027-05-11,Urban,54,1.78
2027-05-12,Urban,80,2.62
2027-05-13,Suburban,69,2.52
2027-05-14,Urban,65,2.2
2027-05-15,Urban,63,1.95
2027-05-16,Urban,65,2.54
2027-05-17,Urban,66,2.21
2027-05-18,Suburban,66,2.35
2027-05-19,Urban,66,2.08
2027-05-20,Urban,63,2.17
2027-05-21,Urban,61,2.1
2027-05-22,Suburban,61,1.66
2027-05-23,Suburban,61,2.44
2027-05-24,Urban,67,2.49
2027-05-25,Suburban,64,2.05
2027-05-26,Urban,46,1.31
2027-05-27,Rural,64,2.2
2027-05-28,Urban,61,2.05
2027-05-29,Suburban,60,2.07
2027-05-30,Urban,58,1.97
2027-05-31,Urban,65,2.27
2027-06-01,Urban,64,2.42
2027-06-02,Suburban,55,1.95
2027-06-03,Urban,61,1.82
2027-06-04,Rural,54,2.07
2027-06-05,Urban,51,2.03
2027-06-06,Urban,55,2.46
2027-06-07,Urban,62,1.84
2027-06-08,Suburban,62,2.12
2027-06-09,Urban,59,1.55
2027-06-10,Suburban,60,2.11
2027-06-11,Rural,59,1.86
2027-06-12,Rural,53,2.15
2027-06-13,Urban,58,1.78
2027-06-14,Suburban,59,1.63
2027-06-15,Suburban,59,1.87
2027-06-16,Urban,61,1.64
2027-06-17,Suburban,58,2.08
2027-06-18,Urban,56,1.45
2027-06-19,Urban,59,1.97
2027-06-20,Urban,53,1.35
2027-06-21,Urban,49,1.57
2027-06-22,Urban,52,2.06
2027-06-23,Urban,49,1.71
